t, u_pred, v_pred
0.000000000000000000e+00, 2.000000000000000000e+00, 1.000000000000000000e+00
4.809619238476953856e-02, 1.978702744394328583e+00, 1.003098493295403459e+00
9.619238476953907713e-02, 1.957981007052017608e+00, 1.006263198834436823e+00
1.442885771543086226e-01, 1.938226818492068571e+00, 1.009355923702593527e+00
1.923847695390781543e-01, 1.919263105855014251e+00, 1.012292083502553508e+00
2.404809619238476859e-01, 1.900838675459772809e+00, 1.015138217453409375e+00
2.885771543086172453e-01, 1.882850265386921462e+00, 1.017978091631697612e+00
3.366733466933867769e-01, 1.865295193654209926e+00, 1.020853338598469273e+00
3.847695390781563085e-01, 1.848196046763910472e+00, 1.023763748631227655e+00
4.328657314629258401e-01, 1.831564491761567881e+00, 1.026685234320078743e+00
4.809619238476953718e-01, 1.815395013256261958e+00, 1.029586856416136342e+00
5.290581162324649034e-01, 1.799670572262057622e+00, 1.032441646049882422e+00
5.771543086172344905e-01, 1.784369660011825065e+00, 1.035231398799236535e+00
6.252505010020039666e-01, 1.769471015374082024e+00, 1.037947328959358817e+00
6.733466933867735538e-01, 1.754955729153638178e+00, 1.040588526230005195e+00
7.214428857715430299e-01, 1.740807588266614747e+00, 1.043159626263874928e+00
7.695390781563126170e-01, 1.727012561449243533e+00, 1.045668519927131390e+00
8.176352705410822042e-01, 1.713558043590033941e+00, 1.048124481330932500e+00
8.657314629258516803e-01, 1.700432183801203756e+00, 1.050536819264297650e+00
9.138276553106212674e-01, 1.687623419033290606e+00, 1.052914013883880617e+00
9.619238476953907435e-01, 1.675120221294829292e+00, 1.055263243039220589e+00
1.010020040080160220e+00, 1.662911016152142318e+00, 1.057590192407887653e+00
1.058116232464929807e+00, 1.650984216863102816e+00, 1.059899055592473882e+00
1.106212424849699394e+00, 1.639328323395587761e+00, 1.062192649984193382e+00
1.154308617234468981e+00, 1.627932047295023610e+00, 1.064472594134374894e+00
1.202404809619238568e+00, 1.616784435895353367e+00, 1.066739509437141908e+00
1.250501002004007933e+00, 1.605874980064591284e+00, 1.068993222225631090e+00
1.298597194388777520e+00, 1.595193697740111993e+00, 1.071232952108793324e+00
1.346693386773547108e+00, 1.584731191039054021e+00, 1.073457479130270009e+00
1.394789579158316695e+00, 1.574478678180754487e+00, 1.075665286800087328e+00
1.442885771543086060e+00, 1.564428003360847086e+00, 1.077854680852237790e+00
1.490981963927855647e+00, 1.554571628548485407e+00, 1.080023885217613611e+00
1.539078156312625234e+00, 1.544902611320619679e+00, 1.082171117553196060e+00
1.587174348697394821e+00, 1.535414572582448844e+00, 1.084294647011693424e+00
1.635270541082164408e+00, 1.526101657547229040e+00, 1.086392836965198061e+00
1.683366733466933773e+00, 1.516958492790461355e+00, 1.088464175244111320e+00
1.731462925851703361e+00, 1.507980141632718540e+00, 1.090507294205776745e+00
1.779559118236472948e+00, 1.499162059587026530e+00, 1.092520982661700835e+00
1.827655310621242535e+00, 1.490500051152952476e+00, 1.094504191401978410e+00
1.875751503006011900e+00, 1.481990228857867464e+00, 1.096456033780287553e+00
1.923847695390781487e+00, 1.473628975134997132e+00, 1.098375782572743597e+00
1.971943887775551074e+00, 1.465412907381931085e+00, 1.100262864103350502e+00
2.020040080160320439e+00, 1.457338846353969153e+00, 1.102116850438391360e+00
2.068136272545090026e+00, 1.449403787905250818e+00, 1.103937450290432221e+00
2.116232464929859614e+00, 1.441604877988522437e+00, 1.105724499137162420e+00
2.164328657314629201e+00, 1.433939390753873555e+00, 1.107477948948092150e+00
2.212424849699398788e+00, 1.426404709541087890e+00, 1.109197857820059863e+00
2.260521042084168375e+00, 1.418998310533711837e+00, 1.110884379747675732e+00
2.308617234468937962e+00, 1.411717748830789043e+00, 1.112537754694534309e+00
2.356713426853707549e+00, 1.404560646690678816e+00, 1.114158299082846915e+00
2.404809619238477136e+00, 1.397524683707372040e+00, 1.115746396781035488e+00
2.452905811623246279e+00, 1.390607588690903729e+00, 1.117302490638966805e+00
2.501002004008015867e+00, 1.383807133037953552e+00, 1.118827074597374294e+00
2.549098196392785454e+00, 1.377121125395173618e+00, 1.120320686380354314e+00
2.597194388777555041e+00, 1.370547407435091847e+00, 1.121783900766568864e+00
2.645290581162324628e+00, 1.364083850581922830e+00, 1.123217323425027780e+00
2.693386773547094215e+00, 1.357728353541657107e+00, 1.124621585294382609e+00
2.741482965931863802e+00, 1.351478840507116974e+00, 1.125997337479922367e+00
2.789579158316633389e+00, 1.345333259923942926e+00, 1.127345246639427812e+00
2.837675350701402976e+00, 1.339289583717651944e+00, 1.128665990827347976e+00
2.885771543086172120e+00, 1.333345806894858709e+00, 1.129960255766085275e+00
2.933867735470941707e+00, 1.327499947443504968e+00, 1.131228731513249208e+00
2.981963927855711294e+00, 1.321750046467509598e+00, 1.132472109494387480e+00
3.030060120240480881e+00, 1.316094168500684169e+00, 1.133691079871741003e+00
3.078156312625250468e+00, 1.310530401953125423e+00, 1.134886329220894607e+00
3.126252505010020055e+00, 1.305056859650681966e+00, 1.136058538488685210e+00
3.174348697394789642e+00, 1.299671679434559746e+00, 1.137208381207342356e+00
3.222444889779559229e+00, 1.294373024793783689e+00, 1.138336521941467838e+00
3.270541082164328817e+00, 1.289159085508141622e+00, 1.139443614946125116e+00
3.318637274549097960e+00, 1.284028078283468766e+00, 1.140530303015918401e+00
3.366733466933867547e+00, 1.278978247364780385e+00, 1.141597216506514245e+00
3.414829659318637134e+00, 1.274007865115886151e+00, 1.142644972511552837e+00
3.462925851703406721e+00, 1.269115232556761175e+00, 1.143674174179327485e+00
3.511022044088176308e+00, 1.264298679852212004e+00, 1.144685410154935079e+00
3.559118236472945895e+00, 1.259556566747257023e+00, 1.145679254134855274e+00
3.607214428857715482e+00, 1.254887282946229199e+00, 1.146656264522084356e+00
3.655310621242485070e+00, 1.250289248433918754e+00, 1.147616984171017096e+00
3.703406813627254657e+00, 1.245760913738156894e+00, 1.148561940212264654e+00
3.751503006012023800e+00, 1.241300760134115500e+00, 1.149491643948515884e+00
3.799599198396793387e+00, 1.236907299791316195e+00, 1.150406590813378038e+00
3.847695390781562974e+00, 1.232579075864897122e+00, 1.151307260385907139e+00
3.895791583166332561e+00, 1.228314662533120050e+00, 1.152194116454230421e+00
3.943887775551102148e+00, 1.224112664983442178e+00, 1.153067607122315597e+00
3.991983967935871735e+00, 1.219971719349711048e+00, 1.153928164954498792e+00
4.040080160320640879e+00, 1.215890492603213691e+00, 1.154776207152941048e+00
4.088176352705410466e+00, 1.211867682400407986e+00, 1.155612135763636639e+00
4.136272545090180053e+00, 1.207902016890239683e+00, 1.156436337907053025e+00
4.184368737474949640e+00, 1.203992254483930990e+00, 1.157249186029864374e+00
4.232464929859719227e+00, 1.200137183590130885e+00, 1.158051038174603198e+00
4.280561122244488814e+00, 1.196335622318257297e+00, 1.158842238264380820e+00
4.328657314629258401e+00, 1.192586418152783878e+00, 1.159623116400121168e+00
4.376753507014027988e+00, 1.188888447601153864e+00, 1.160393989168012618e+00
4.424849699398797576e+00, 1.185240615817879650e+00, 1.161155159955133076e+00
4.472945891783567163e+00, 1.181641856207302776e+00, 1.161906919271413763e+00
4.521042084168336750e+00, 1.178091130007345111e+00, 1.162649545076305024e+00
4.569138276553106337e+00, 1.174587425856489453e+00, 1.163383303108693756e+00
4.617234468937875924e+00, 1.171129759346080323e+00, 1.164108447218765052e+00
4.665330661322645511e+00, 1.167717172559931793e+00, 1.164825219700668324e+00
4.713426853707415098e+00, 1.164348733603097763e+00, 1.165533851624966255e+00
4.761523046092184686e+00, 1.161023536121543076e+00, 1.166234563169960214e+00
4.809619238476954273e+00, 1.157740698814335722e+00, 1.166927563951106750e+00
4.857715430861722972e+00, 1.154499364939870265e+00, 1.167613053347826169e+00
4.905811623246492559e+00, 1.151298701817519810e+00, 1.168291220827092802e+00
4.953907815631262146e+00, 1.148137900326008154e+00, 1.168962246263279603e+00
5.002004008016031733e+00, 1.145016174399702713e+00, 1.169626300253796103e+00
5.050100200400801320e+00, 1.141932760523912460e+00, 1.170283544430127387e+00
5.098196392785570907e+00, 1.138886917230214291e+00, 1.170934131763932795e+00
5.146292585170340494e+00, 1.135877924592713306e+00, 1.171578206867924576e+00
5.194388777555110082e+00, 1.132905083726087891e+00, 1.172215906291281806e+00
5.242484969939879669e+00, 1.129967716286177204e+00, 1.172847358809409268e+00
5.290581162324649256e+00, 1.127065163973804518e+00, 1.173472685707876551e+00
5.338677354709418843e+00, 1.124196788042461925e+00, 1.174092001060412782e+00
5.386773547094188430e+00, 1.121361968810417498e+00, 1.174705412000868421e+00
5.434869739478958017e+00, 1.118560105177746511e+00, 1.175313018989065039e+00
5.482965931863727604e+00, 1.115790614148740367e+00, 1.175914916070497807e+00
5.531062124248497192e+00, 1.113052930360084680e+00, 1.176511191129861800e+00
5.579158316633266779e+00, 1.110346505615166013e+00, 1.177101926138402588e+00
5.627254509018036366e+00, 1.107670808424804365e+00, 1.177687197395100860e+00
5.675350701402805953e+00, 1.105025323554688299e+00, 1.178267075761720406e+00
5.723446893787574652e+00, 1.102409551579737856e+00, 1.178841626891758310e+00
5.771543086172344239e+00, 1.099823008445590666e+00, 1.179410911453352861e+00
5.819639278557113826e+00, 1.097265225037379111e+00, 1.179974985346208927e+00
5.867735470941883413e+00, 1.094735746755931771e+00, 1.180533899912609375e+00
5.915831663326653000e+00, 1.092234133101507298e+00, 1.181087702142597617e+00
5.963927855711422588e+00, 1.089759957265148849e+00, 1.181636434873407859e+00
6.012024048096192175e+00, 1.087312805727718157e+00, 1.182180136983239427e+00
6.060120240480961762e+00, 1.084892277866654542e+00, 1.182718843579465329e+00
6.108216432865731349e+00, 1.082497985570483490e+00, 1.183252586181377186e+00
6.156312625250500936e+00, 1.080129552861080811e+00, 1.183781392897562235e+00
6.204408817635270523e+00, 1.077786615523685043e+00, 1.184305288598024308e+00
6.252505010020040110e+00, 1.075468820744640119e+00, 1.184824295081145396e+00
6.300601202404809698e+00, 1.073175826756834539e+00, 1.185338431235601897e+00
6.348697394789579285e+00, 1.070907302492790869e+00, 1.185847713197336617e+00
6.396793587174348872e+00, 1.068662927245355387e+00, 1.186352154501701950e+00
6.444889779559118459e+00, 1.066442390335923474e+00, 1.186851766230874183e+00
6.492985971943888046e+00, 1.064245390790133250e+00, 1.187346557156656157e+00
6.541082164328657633e+00, 1.062071637020946646e+00, 1.187836533878765310e+00
6.589178356713427220e+00, 1.059920846519043280e+00, 1.188321700958723470e+00
6.637274549098195919e+00, 1.057792745550427238e+00, 1.188802061049447856e+00
6.685370741482965506e+00, 1.055687068861167699e+00, 1.189277615020648549e+00
6.733466933867735094e+00, 1.053603559389169497e+00, 1.189748362080140787e+00
6.781563126252504681e+00, 1.051541967982872361e+00, 1.190214299891164451e+00
6.829659318637274268e+00, 1.049502053126785572e+00, 1.190675424685821993e+00
6.877755511022043855e+00, 1.047483580673745696e+00, 1.191131731374722502e+00
6.925851703406813442e+00, 1.045486323583791677e+00, 1.191583213652938511e+00
6.973947895791583029e+00, 1.043510061669556066e+00, 1.192029864102363446e+00
7.022044088176352616e+00, 1.041554581348057118e+00, 1.192471674290563666e+00
7.070140280561122204e+00, 1.039619675398782306e+00, 1.192908634866222117e+00
7.118236472945891791e+00, 1.037705142727961771e+00, 1.193340735651254869e+00
7.166332665330661378e+00, 1.035810788138907146e+00, 1.193767965729694458e+00
7.214428857715430965e+00, 1.033936422108321818e+00, 1.194190313533418202e+00
7.262525050100200552e+00, 1.032081860568460518e+00, 1.194607766924814296e+00
7.310621242484970139e+00, 1.030246924695032096e+00, 1.195020313276458745e+00
7.358717434869739726e+00, 1.028431440700743327e+00, 1.195427939547885288e+00
7.406813627254509314e+00, 1.026635239634366314e+00, 1.195830632359528689e+00
7.454909819639278901e+00, 1.024858157185227547e+00, 1.196228378063911357e+00
7.503006012024047600e+00, 1.023100033493010486e+00, 1.196621162814153427e+00
7.551102204408817187e+00, 1.021360712962771977e+00, 1.197008972629872714e+00
7.599198396793586774e+00, 1.019640044085059483e+00, 1.197391793460546694e+00
7.647294589178356361e+00, 1.017937879261034073e+00, 1.197769611246404686e+00
7.695390781563125948e+00, 1.016254074632497062e+00, 1.198142411976918398e+00
7.743486973947895535e+00, 1.014588489916715019e+00, 1.198510181746950787e+00
7.791583166332665122e+00, 1.012940988245953911e+00, 1.198872906810630745e+00
7.839679358717434710e+00, 1.011311436011617104e+00, 1.199230573633013330e+00
7.887775551102204297e+00, 1.009699702712895331e+00, 1.199583168939583722e+00
7.935871743486973884e+00, 1.008105660809836657e+00, 1.199930679763664854e+00
7.983967935871743471e+00, 1.006529185580740116e+00, 1.200273093491787346e+00
8.032064128256513058e+00, 1.004970154983784614e+00, 1.200610397907069471e+00
8.080160320641281757e+00, 1.003428449522802524e+00, 1.200942581230669104e+00
8.128256513026052232e+00, 1.001903952117115359e+00, 1.201269632161354517e+00
8.176352705410820931e+00, 1.000396547975333394e+00, 1.201591539913245299e+00
8.224448897795591407e+00, 9.989061244730499389e-01, 1.201908294251776921e+00
8.272545090180360106e+00, 9.974325710343350249e-01, 1.202219885527931353e+00
8.320641282565130581e+00, 9.959757790169527780e-01, 1.202526304710782146e+00
8.368737474949899280e+00, 9.945356416012209877e-01, 1.202827543418403256e+00
8.416833667334669755e+00, 9.931120536824344924e-01, 1.203123593947181824e+00
8.464929859719438454e+00, 9.917049117667775526e-01, 1.203414449299576860e+00
8.513026052104208929e+00, 9.903141138706419433e-01, 1.203700103210372463e+00
8.561122244488977628e+00, 9.889395594232885944e-01, 1.203980550171460218e+00
8.609218436873748104e+00, 9.875811491727677360e-01, 1.204255785455190075e+00
8.657314629258516803e+00, 9.862387850950371515e-01, 1.204525805136336114e+00
8.705410821643287278e+00, 9.849123703061994917e-01, 1.204790606112706053e+00
8.753507014028055977e+00, 9.836018089777955886e-01, 1.205050186124436706e+00
8.801603206412824676e+00, 9.823070062550867121e-01, 1.205304543772009129e+00
8.849699398797595151e+00, 9.810278681782556021e-01, 1.205553678533019202e+00
8.897795591182363850e+00, 9.797643016064641053e-01, 1.205797590777735628e+00
8.945891783567134325e+00, 9.785162141447081297e-01, 1.206036281783483766e+00
8.993987975951903024e+00, 9.772835140733988624e-01, 1.206269753747878593e+00
9.042084168336673500e+00, 9.760661102806169609e-01, 1.206498009800950788e+00
9.090180360721442199e+00, 9.748639121969784327e-01, 1.206721054016179684e+00
9.138276553106212674e+00, 9.736768297330500310e-01, 1.206938891420483273e+00
9.186372745490981373e+00, 9.725047732192608763e-01, 1.207151528003175711e+00
9.234468937875751848e+00, 9.713476533482536812e-01, 1.207358970723930724e+00
9.282565130260520547e+00, 9.702053811196167388e-01, 1.207561227519781122e+00
9.330661322645291023e+00, 9.690778677869478219e-01, 1.207758307311168178e+00
9.378757515030059722e+00, 9.679650248071931529e-01, 1.207950220007085518e+00
9.426853707414830197e+00, 9.668667637922094826e-01, 1.208136976509326166e+00
9.474949899799598896e+00, 9.657829964625030961e-01, 1.208318588715870057e+00
9.523046092184369371e+00, 9.647136346030888987e-01, 1.208495069523427334e+00
9.571142284569138070e+00, 9.636585900214225120e-01, 1.208666432829169413e+00
9.619238476953908545e+00, 9.626177745073656311e-01, 1.208832693531665115e+00
9.667334669338677244e+00, 9.615910997951213623e-01, 1.208993867531048094e+00
9.715430861723445943e+00, 9.605784775271080100e-01, 1.209149971728432860e+00
9.763527054108216419e+00, 9.595798192197182441e-01, 1.209301024024611371e+00
9.811623246492985118e+00, 9.585950362309230144e-01, 1.209447043318034432e+00
9.859719438877755593e+00, 9.576240397296706952e-01, 1.209588049502120288e+00
9.907815631262524292e+00, 9.566667406670457119e-01, 1.209724063461887988e+00
9.955911823647294767e+00, 9.557230497491397969e-01, 1.209855107069954805e+00
1.000400801603206347e+01, 9.547928774115961303e-01, 1.209981203181901277e+00
1.005210420841683394e+01, 9.538761337957857300e-01, 1.210102375631035621e+00
1.010020040080160264e+01, 9.529727287265745694e-01, 1.210218649222565945e+00
1.014829659318637312e+01, 9.520825716916463399e-01, 1.210330049727204482e+00
1.019639278557114181e+01, 9.512055718223382250e-01, 1.210436603874218919e+00
1.024448897795591229e+01, 9.503416378759514949e-01, 1.210538339343946834e+00
1.029258517034068099e+01, 9.494906782195062789e-01, 1.210635284759796093e+00
1.034068136272545146e+01, 9.486526008148956635e-01, 1.210727469679737212e+00
1.038877755511022016e+01, 9.478273132054093608e-01, 1.210814924587316543e+00
1.043687374749499064e+01, 9.470147225035865368e-01, 1.210897680882194960e+00
1.048496993987975934e+01, 9.462147353803709304e-01, 1.210975770870234225e+00
1.053306613226452981e+01, 9.454272580555231897e-01, 1.211049227753144386e+00
1.058116232464929851e+01, 9.446521962892679980e-01, 1.211118085617706175e+00
1.062925851703406721e+01, 9.438894553751371319e-01, 1.211182379424586619e+00
1.067735470941883769e+01, 9.431389401339722589e-01, 1.211242144996755199e+00
1.072545090180360638e+01, 9.424005549090677114e-01, 1.211297419007523413e+00
1.077354709418837686e+01, 9.416742035624059426e-01, 1.211348238968213753e+00
1.082164328657314556e+01, 9.409597894719712308e-01, 1.211394643215479849e+00
1.086973947895791603e+01, 9.402572155300963352e-01, 1.211436670898279999e+00
1.091783567134268473e+01, 9.395663841428216756e-01, 1.211474361964532065e+00
1.096593186372745521e+01, 9.388871972302323954e-01, 1.211507757147445297e+00
1.101402805611222391e+01, 9.382195562277493295e-01, 1.211536897951559055e+00
1.106212424849699438e+01, 9.375633620883401242e-01, 1.211561826638487549e+00
1.111022044088176308e+01, 9.369185152856212007e-01, 1.211582586212391677e+00
1.115831663326653356e+01, 9.362849158178310205e-01, 1.211599220405184640e+00
1.120641282565130226e+01, 9.356624632126366858e-01, 1.211611773661485092e+00
1.125450901803607273e+01, 9.350510565327554424e-01, 1.211620291123332471e+00
1.130260521042084143e+01, 9.344505943823566696e-01, 1.211624818614670751e+00
1.135070140280561191e+01, 9.338609749142254834e-01, 1.211625402625616355e+00
1.139879759519038060e+01, 9.332820958376550902e-01, 1.211622090296520238e+00
1.144689378757514930e+01, 9.327138544270465736e-01, 1.211614929401836127e+00
1.149498997995991978e+01, 9.321561475311899159e-01, 1.211603968333801573e+00
1.154308617234468848e+01, 9.316088715831991607e-01, 1.211589256085950694e+00
1.159118236472945895e+01, 9.310719226110815150e-01, 1.211570842236460832e+00
1.163927855711422765e+01, 9.305451962489077467e-01, 1.211548776931352212e+00
1.168737474949899813e+01, 9.300285877485716668e-01, 1.211523110867542830e+00
1.173547094188376683e+01, 9.295219919921025031e-01, 1.211493895275774335e+00
1.178356713426853730e+01, 9.290253035045146213e-01, 1.211461181903418449e+00
1.183166332665330600e+01, 9.285384164671723894e-01, 1.211425022997172807e+00
1.187975951903807648e+01, 9.280612247316382124e-01, 1.211385471285655990e+00
1.192785571142284518e+01, 9.275936218339921879e-01, 1.211342579961913746e+00
1.197595190380761565e+01, 9.271355010095931881e-01, 1.211296402665844596e+00
1.202404809619238435e+01, 9.266867552082624915e-01, 1.211246993466555066e+00
1.207214428857715482e+01, 9.262472771098702040e-01, 1.211194406844653182e+00
1.212024048096192352e+01, 9.258169591402980458e-01, 1.211138697674490672e+00
1.216833667334669400e+01, 9.253956934877605178e-01, 1.211079921206366539e+00
1.221643286573146270e+01, 9.249833721194640201e-01, 1.211018133048692436e+00
1.226452905811623317e+01, 9.245798867985817182e-01, 1.210953389150137394e+00
1.231262525050100187e+01, 9.241851291015241721e-01, 1.210885745781760781e+00
1.236072144288577057e+01, 9.237989904354866333e-01, 1.210815259519134823e+00
1.240881763527054105e+01, 9.234213620562523595e-01, 1.210741987224474236e+00
1.245691382765530975e+01, 9.230521350862317398e-01, 1.210665986028775842e+00
1.250501002004008022e+01, 9.226912005327192468e-01, 1.210587313313983060e+00
1.255310621242484892e+01, 9.223384493063508938e-01, 1.210506026695173265e+00
1.260120240480961940e+01, 9.219937722397366642e-01, 1.210422184002791557e+00
1.264929859719438809e+01, 9.216570601062605839e-01, 1.210335843264923383e+00
1.269739478957915857e+01, 9.213282036390189056e-01, 1.210247062689626674e+00
1.274549098196392727e+01, 9.210070935498859690e-01, 1.210155900647323701e+00
1.279358717434869774e+01, 9.206936205486897506e-01, 1.210062415653266221e+00
1.284168336673346644e+01, 9.203876753624740115e-01, 1.209966666350078546e+00
1.288977955911823692e+01, 9.200891487548394920e-01, 1.209868711490384996e+00
1.293787575150300562e+01, 9.197979315453359561e-01, 1.209768609919534166e+00
1.298597194388777609e+01, 9.195139146289019738e-01, 1.209666420558425326e+00
1.303406813627254479e+01, 9.192369889953244666e-01, 1.209562202386440077e+00
1.308216432865731527e+01, 9.189670457487086885e-01, 1.209456014424492132e+00
1.313026052104208397e+01, 9.187039761269435445e-01, 1.209347915718204991e+00
1.317835671342685444e+01, 9.184476715211427056e-01, 1.209237965321213526e+00
1.322645290581162314e+01, 9.181980234950515296e-01, 1.209126222278605889e+00
1.327454909819639184e+01, 9.179549238044015791e-01, 1.209012745610508199e+00
1.332264529058116231e+01, 9.177182644162025227e-01, 1.208897594295824884e+00
1.337074148296593101e+01, 9.174879375279514360e-01, 1.208780827256129342e+00
1.341883767535070149e+01, 9.172638355867546167e-01, 1.208662503339719807e+00
1.346693386773547019e+01, 9.170458513083381558e-01, 1.208542681305850630e+00
1.351503006012024066e+01, 9.168338776959463754e-01, 1.208421419809130093e+00
1.356312625250500936e+01, 9.166278080591037103e-01, 1.208298777384104739e+00
1.361122244488977984e+01, 9.164275360322362562e-01, 1.208174812430032885e+00
1.365931863727454854e+01, 9.162329555931392200e-01, 1.208049583195844434e+00
1.370741482965931901e+01, 9.160439610812729505e-01, 1.207923147765301630e+00
1.375551102204408771e+01, 9.158604472158895504e-01, 1.207795564042367875e+00
1.380360721442885819e+01, 9.156823091139614235e-01, 1.207666889736773941e+00
1.385170340681362688e+01, 9.155094423079170873e-01, 1.207537182349804894e+00
1.389979959919839736e+01, 9.153417427631667103e-01, 1.207406499160305291e+00
1.394789579158316606e+01, 9.151791068954060471e-01, 1.207274897210899756e+00
1.399599198396793653e+01, 9.150214315876943338e-01, 1.207142433294445372e+00
1.404408817635270523e+01, 9.148686142072937066e-01, 1.207009163940713004e+00
1.409218436873747393e+01, 9.147205526222621508e-01, 1.206875145403301763e+00
1.414028056112224441e+01, 9.145771452177928751e-01, 1.206740433646793509e+00
1.418837675350701311e+01, 9.144382909122863445e-01, 1.206605084334147593e+00
1.423647294589178358e+01, 9.143038891731594120e-01, 1.206469152814339640e+00
1.428456913827655228e+01, 9.141738400323697888e-01, 1.206332694110252124e+00
1.433266533066132276e+01, 9.140480441016580748e-01, 1.206195762906811630e+00
1.438076152304609145e+01, 9.139264025874984654e-01, 1.206058413539384810e+00
1.442885771543086193e+01, 9.138088173057514751e-01, 1.205920699982425681e+00
1.447695390781563063e+01, 9.136951906960137926e-01, 1.205782675838386719e+00
1.452505010020040110e+01, 9.135854258356539415e-01, 1.205644394326888191e+00
1.457314629258516980e+01, 9.134794264535415209e-01, 1.205505908274153271e+00
1.462124248496994028e+01, 9.133770969434475973e-01, 1.205367270102705612e+00
1.466933867735470898e+01, 9.132783423771284603e-01, 1.205228531821337157e+00
1.471743486973947945e+01, 9.131830685170774231e-01, 1.205089745015339719e+00
1.476553106212424815e+01, 9.130911818289417781e-01, 1.204950960837012808e+00
1.481362725450901863e+01, 9.130025894936104613e-01, 1.204812229996435669e+00
1.486172344689378733e+01, 9.129171994189555495e-01, 1.204673602752514672e+00
1.490981963927855780e+01, 9.128349202512358040e-01, 1.204535128904303143e+00
1.495791583166332650e+01, 9.127556613861540491e-01, 1.204396857782593422e+00
1.500601202404809520e+01, 9.126793329795668264e-01, 1.204258838241782481e+00
1.505410821643286567e+01, 9.126058459578465509e-01, 1.204121118652011546e+00
1.510220440881763437e+01, 9.125351120278919481e-01, 1.203983746891578166e+00
1.515030060120240485e+01, 9.124670436867856615e-01, 1.203846770339626060e+00
1.519839679358717355e+01, 9.124015542310988103e-01, 1.203710235869102751e+00
1.524649298597194402e+01, 9.123385577658451595e-01, 1.203574189839991648e+00
1.529458917835671272e+01, 9.122779692130729146e-01, 1.203438678092819902e+00
1.534268537074148320e+01, 9.122197043201101252e-01, 1.203303745942433389e+00
1.539078156312625190e+01, 9.121636796674521541e-01, 1.203169438172042804e+00
1.543887775551102237e+01, 9.121098126762900993e-01, 1.203035799027541763e+00
1.548697394789579107e+01, 9.120580216156952691e-01, 1.202902872212088914e+00
1.553507014028056155e+01, 9.120082256094415030e-01, 1.202770700880959831e+00
1.558316633266533024e+01, 9.119603446424808801e-01, 1.202639327636662925e+00
1.563126252505010072e+01, 9.119142995670670437e-01, 1.202508794524316471e+00
1.567935871743486942e+01, 9.118700121085314692e-01, 1.202379143027292541e+00
1.572745490981963989e+01, 9.118274048707095680e-01, 1.202250414063112949e+00
1.577555110220440859e+01, 9.117864013410237334e-01, 1.202122647979609438e+00
1.582364729458917907e+01, 9.117469258952257682e-01, 1.201995884551334548e+00
1.587174348697394777e+01, 9.117089038017933689e-01, 1.201870162976226730e+00
1.591983967935871647e+01, 9.116722612259948733e-01, 1.201745521872525257e+00
1.596793587174348694e+01, 9.116369252336160578e-01, 1.201621999275932717e+00
1.601603206412825742e+01, 9.116028237943551993e-01, 1.201499632637025083e+00
1.606412825651302612e+01, 9.115698857848921755e-01, 1.201378458818896489e+00
1.611222444889779482e+01, 9.115380409916293836e-01, 1.201258514095052243e+00
1.616032064128256351e+01, 9.115072201131146912e-01, 1.201139834147532337e+00
1.620841683366733577e+01, 9.114773547621415339e-01, 1.201022454065267642e+00
1.625651302605210446e+01, 9.114483774675434802e-01, 1.200906408342669041e+00
1.630460921843687316e+01, 9.114202216756708275e-01, 1.200791730878440600e+00
1.635270541082164186e+01, 9.113928217515656627e-01, 1.200678454974617004e+00
1.640080160320641411e+01, 9.113661129798367178e-01, 1.200566613335818156e+00
1.644889779559118281e+01, 9.113400315652357975e-01, 1.200456238068723813e+00
1.649699398797595151e+01, 9.113145146329419966e-01, 1.200347360681758735e+00
1.654509018036072021e+01, 9.112895002285603674e-01, 1.200240012084983876e+00
1.659318637274549246e+01, 9.112649273178341502e-01, 1.200134222590197641e+00
1.664128256513026116e+01, 9.112407357860856649e-01, 1.200030021911234757e+00
1.668937875751502986e+01, 9.112168664373778704e-01, 1.199927439164464982e+00
1.673747494989979856e+01, 9.111932609934112470e-01, 1.199826502869482781e+00
1.678557114228456726e+01, 9.111698620921599989e-01, 1.199727240949989282e+00
1.683366733466933951e+01, 9.111466132862471312e-01, 1.199629680734858095e+00
1.688176352705410821e+01, 9.111234590410695056e-01, 1.199533848959384308e+00
1.692985971943887691e+01, 9.111003447326766480e-01, 1.199439771766710905e+00
1.697795591182364561e+01, 9.110772166454086385e-01, 1.199347474709426375e+00
1.702605210420841786e+01, 9.110540219692944142e-01, 1.199256982751336853e+00
1.707414829659318656e+01, 9.110307087972260298e-01, 1.199168320269399235e+00
1.712224448897795526e+01, 9.110072261219008816e-01, 1.199081511055817062e+00
1.717034068136272396e+01, 9.109835238325514339e-01, 1.198996578320295603e+00
1.721843687374749621e+01, 9.109595527114566771e-01, 1.198913544692448152e+00
1.726653306613226491e+01, 9.109352644302464164e-01, 1.198832432224351985e+00
1.731462925851703361e+01, 9.109106115460030573e-01, 1.198753262393247976e+00
1.736272545090180230e+01, 9.108855474971684352e-01, 1.198676056104384324e+00
1.741082164328657456e+01, 9.108600265992556899e-01, 1.198600833693993950e+00
1.745891783567134325e+01, 9.108340040403781757e-01, 1.198527614932406005e+00
1.750701402805611195e+01, 9.108074358765949619e-01, 1.198456419027285724e+00
1.755511022044088065e+01, 9.107802790270871363e-01, 1.198387264626997073e+00
1.760320641282564935e+01, 9.107524912691595809e-01, 1.198320169824090176e+00
1.765130260521042160e+01, 9.107240312330815435e-01, 1.198255152158899994e+00
1.769939879759519030e+01, 9.106948583967686695e-01, 1.198192228623260691e+00
1.774749498997995900e+01, 9.106649330803135989e-01, 1.198131415664327237e+00
1.779559118236472770e+01, 9.106342164403673500e-01, 1.198072729188502716e+00
1.784368737474949995e+01, 9.106026704643821468e-01, 1.198016184565463771e+00
1.789178356713426865e+01, 9.105702579647134698e-01, 1.197961796632285303e+00
1.793987975951903735e+01, 9.105369425725950983e-01, 1.197909579697655547e+00
1.798797595190380605e+01, 9.105026887319855877e-01, 1.197859547546183734e+00
1.803607214428857830e+01, 9.104674616932975084e-01, 1.197811713442787696e+00
1.808416833667334700e+01, 9.104312275070070015e-01, 1.197766090137168504e+00
1.813226452905811570e+01, 9.103939530171558658e-01, 1.197722689868358614e+00
1.818036072144288440e+01, 9.103556058547495056e-01, 1.197681524369348383e+00
1.822845691382765665e+01, 9.103161544310496289e-01, 1.197642604871777205e+00
1.827655310621242535e+01, 9.102755679307783510e-01, 1.197605942110699040e+00
1.832464929859719405e+01, 9.102338163052268172e-01, 1.197571546329404546e+00
1.837274549098196275e+01, 9.101908702652794503e-01, 1.197539427284308289e+00
1.842084168336673500e+01, 9.101467012743591489e-01, 1.197509594249891896e+00
1.846893787575150370e+01, 9.101012815412936607e-01, 1.197482056023695840e+00
1.851703406813627240e+01, 9.100545840131115671e-01, 1.197456820931368959e+00
1.856513026052104109e+01, 9.100065823677703225e-01, 1.197433896831758826e+00
1.861322645290580979e+01, 9.099572510068236753e-01, 1.197413291122048529e+00
1.866132264529058205e+01, 9.099065650480269163e-01, 1.197395010742933419e+00
1.870941883767535074e+01, 9.098545003178899471e-01, 1.197379062183835607e+00
1.875751503006011944e+01, 9.098010333441832742e-01, 1.197365451488152877e+00
1.880561122244488814e+01, 9.097461413483918236e-01, 1.197354184258539345e+00
1.885370741482966039e+01, 9.096898022381316729e-01, 1.197345265662213221e+00
1.890180360721442909e+01, 9.096319945995279266e-01, 1.197338700436295200e+00
1.894989979959919779e+01, 9.095726976895579519e-01, 1.197334492893162849e+00
1.899799599198396649e+01, 9.095118914283633060e-01, 1.197332646925834077e+00
1.904609218436873874e+01, 9.094495563915372394e-01, 1.197333166013358818e+00
1.909418837675350744e+01, 9.093856738023888830e-01, 1.197336053226234931e+00
1.914228456913827614e+01, 9.093202255241839005e-01, 1.197341311231831851e+00
1.919038076152304484e+01, 9.092531940523773670e-01, 1.197348942299823804e+00
1.923847695390781709e+01, 9.091845625068248893e-01, 1.197358948307636561e+00
1.928657314629258579e+01, 9.091143146239895056e-01, 1.197371330745892637e+00
1.933466933867735449e+01, 9.090424347491423696e-01, 1.197386090723864704e+00
1.938276553106212319e+01, 9.089689078285574375e-01, 1.197403228974929235e+00
1.943086172344689189e+01, 9.088937194017092658e-01, 1.197422745862017912e+00
1.947895791583166414e+01, 9.088168555934705850e-01, 1.197444641383066388e+00
1.952705410821643284e+01, 9.087383031063176464e-01, 1.197468915176458371e+00
1.957515030060120154e+01, 9.086580492125437836e-01, 1.197495566526464827e+00
1.962324649298597024e+01, 9.085760817464825223e-01, 1.197524594368667206e+00
1.967134268537074249e+01, 9.084923890967462334e-01, 1.197555997295378649e+00
1.971943887775551119e+01, 9.084069601984796627e-01, 1.197589773561046345e+00
1.976753507014027988e+01, 9.083197845256330005e-01, 1.197625921087642542e+00
1.981563126252504858e+01, 9.082308520832553800e-01, 1.197664437470037369e+00
1.986372745490982084e+01, 9.081401533998121334e-01, 1.197705319981357874e+00
1.991182364729458953e+01, 9.080476795195275841e-01, 1.197748565578321545e+00
1.995991983967935823e+01, 9.079534219947542617e-01, 1.197794170906555822e+00
2.000801603206412693e+01, 9.078573728783729813e-01, 1.197842132305891649e+00
2.005611222444889918e+01, 9.077595247162268954e-01, 1.197892445815632811e+00
2.010420841683366788e+01, 9.076598705395828581e-01, 1.197945107179803070e+00
2.015230460921843658e+01, 9.075584038576349766e-01, 1.198000111852365990e+00
2.020040080160320528e+01, 9.074551186500396938e-01, 1.198057455002417004e+00
2.024849699398797398e+01, 9.073500093594968341e-01, 1.198117131519344847e+00
2.029659318637274623e+01, 9.072430708843617353e-01, 1.198179136017967883e+00
2.034468937875751493e+01, 9.071342985713077844e-01, 1.198243462843635809e+00
2.039278557114228363e+01, 9.070236882080289220e-01, 1.198310106077299153e+00
2.044088176352705233e+01, 9.069112360159863329e-01, 1.198379059540548797e+00
2.048897795591182458e+01, 9.067969386432044310e-01, 1.198450316800619087e+00
2.053707414829659328e+01, 9.066807931571112533e-01, 1.198523871175356303e+00
2.058517034068136198e+01, 9.065627970374299238e-01, 1.198599715738152938e+00
2.063326653306613068e+01, 9.064429481691194113e-01, 1.198677843322843550e+00
2.068136272545090293e+01, 9.063212448353668016e-01, 1.198758246528563554e+00
2.072945891783567163e+01, 9.061976857106324168e-01, 1.198840917724572241e+00
2.077755511022044033e+01, 9.060722698537460040e-01, 1.198925849055034520e+00
2.082565130260520903e+01, 9.059449967010586580e-01, 1.199013032443762228e+00
2.087374749498998128e+01, 9.058158660596520306e-01, 1.199102459598920367e+00
2.092184368737474998e+01, 9.056848781005994997e-01, 1.199194122017685826e+00
2.096993987975951867e+01, 9.055520333522850684e-01, 1.199288010990871456e+00
2.101803607214428737e+01, 9.054173326937831057e-01, 1.199384117607503075e+00
2.106613226452905963e+01, 9.052807773482913767e-01, 1.199482432759358730e+00
2.111422845691382832e+01, 9.051423688766271347e-01, 1.199582947145461098e+00
2.116232464929859702e+01, 9.050021091707793897e-01, 1.199685651276530374e+00
2.121042084168336572e+01, 9.048600004475231273e-01, 1.199790535479391185e+00
2.125851703406813442e+01, 9.047160452420945909e-01, 1.199897589901337769e+00
2.130661322645290667e+01, 9.045702464019242939e-01, 1.200006804514453407e+00
2.135470941883767537e+01, 9.044226070804355366e-01, 1.200118169119884559e+00
2.140280561122244407e+01, 9.042731307309006539e-01, 1.200231673352075035e+00
2.145090180360721277e+01, 9.041218211003640981e-01, 1.200347306682949089e+00
2.149899799599198502e+01, 9.039686822236228103e-01, 1.200465058426053666e+00
2.154709418837675372e+01, 9.038137184172729821e-01, 1.200584917740653790e+00
2.159519038076152242e+01, 9.036569342738187682e-01, 1.200706873635781768e+00
2.164328657314629112e+01, 9.034983346558433936e-01, 1.200830914974243546e+00
2.169138276553106337e+01, 9.033379246902435433e-01, 1.200957030476575982e+00
2.173947895791583207e+01, 9.031757097625292552e-01, 1.201085208724960829e+00
2.178757515030060077e+01, 9.030116955111844312e-01, 1.201215438167090976e+00
2.183567134268536947e+01, 9.028458878220928518e-01, 1.201347707119993391e+00
2.188376753507014172e+01, 9.026782928230274727e-01, 1.201482003773803431e+00
2.193186372745491042e+01, 9.025089168782023386e-01, 1.201618316195494973e+00
2.197995991983967912e+01, 9.023377665828911098e-01, 1.201756632332563690e+00
2.202805611222444782e+01, 9.021648487581046538e-01, 1.201896940016665694e+00
2.207615230460921651e+01, 9.019901704453356928e-01, 1.202039226967208885e+00
2.212424849699398877e+01, 9.018137389013671790e-01, 1.202183480794900561e+00
2.217234468937875747e+01, 9.016355615931406220e-01, 1.202329689005246616e+00
2.222044088176352616e+01, 9.014556461926903630e-01, 1.202477839002008997e+00
2.226853707414829486e+01, 9.012740005721422420e-01, 1.202627918090614090e+00
2.231663326653306711e+01, 9.010906327987697750e-01, 1.202779913481517804e+00
2.236472945891783581e+01, 9.009055511301191643e-01, 1.202933812293526250e+00
2.241282565130260451e+01, 9.007187640091931513e-01, 1.203089601557069122e+00
2.246092184368737321e+01, 9.005302800596983737e-01, 1.203247268217430666e+00
2.250901803607214546e+01, 9.003401080813526747e-01, 1.203406799137935801e+00
2.255711422845691416e+01, 9.001482570452585819e-01, 1.203568181103088719e+00
2.260521042084168286e+01, 8.999547360893331849e-01, 1.203731400821673958e+00
2.265330661322645156e+01, 8.997595545138024065e-01, 1.203896444929805742e+00
2.270140280561122381e+01, 8.995627217767552253e-01, 1.204063299993939129e+00
2.274949899799599251e+01, 8.993642474897569628e-01, 1.204231952513836745e+00
2.279759519038076121e+01, 8.991641414135260746e-01, 1.204402388925490008e+00
2.284569138276552991e+01, 8.989624134536673417e-01, 1.204574595604001264e+00
2.289378757515029861e+01, 8.987590736564659011e-01, 1.204748558866418184e+00
2.294188376753507086e+01, 8.985541322047405632e-01, 1.204924264974531756e+00
2.298997995991983956e+01, 8.983475994137548604e-01, 1.205101700137628074e+00
2.303807615230460826e+01, 8.981394857271891574e-01, 1.205280850515197733e+00
2.308617234468937696e+01, 8.979298017131651655e-01, 1.205461702219607689e+00
2.313426853707414921e+01, 8.977185580603346260e-01, 1.205644241318730714e+00
2.318236472945891791e+01, 8.975057655740186213e-01, 1.205828453838528658e+00
2.323046092184368661e+01, 8.972914351724092796e-01, 1.206014325765605077e+00
2.327855711422845530e+01, 8.970755778828234384e-01, 1.206201843049706568e+00
2.332665330661322756e+01, 8.968582048380131511e-01, 1.206390991606194119e+00
2.337474949899799626e+01, 8.966393272725325936e-01, 1.206581757318468728e+00
2.342284569138276495e+01, 8.964189565191582609e-01, 1.206774126040359496e+00
2.347094188376753365e+01, 8.961971040053660076e-01, 1.206968083598472186e+00
2.351903807615230590e+01, 8.959737812498580478e-01, 1.207163615794502487e+00
2.356713426853707460e+01, 8.957489998591463554e-01, 1.207360708407505090e+00
2.361523046092184330e+01, 8.955227715241886877e-01, 1.207559347196131894e+00
2.366332665330661200e+01, 8.952951080170761244e-01, 1.207759517900826030e+00
2.371142284569138425e+01, 8.950660211877727868e-01, 1.207961206245984354e+00
2.375951903807615295e+01, 8.948355229609084027e-01, 1.208164397942078416e+00
2.380761523046092165e+01, 8.946036253326190568e-01, 1.208369078687743459e+00
2.385571142284569035e+01, 8.943703403674421182e-01, 1.208575234171827661e+00
2.390380761523045905e+01, 8.941356801952569100e-01, 1.208782850075406756e+00
2.395190380761523130e+01, 8.938996570082806681e-01, 1.208991912073765773e+00
2.400000000000000000e+01, 8.936622830581062438e-01, 1.209202405838341710e+00
